{"accuracy": [0.9058005213737488, 0.9285581111907959, 0.944396436214447, 0.9482688307762146, 0.9501855373382568, 0.9516037702560425, 0.9524102807044983, 0.9532430768013, 0.9536905288696289, 0.954196035861969, 0.9545724391937256, 0.9550184011459351, 0.9553642868995667, 0.9552865028381348, 0.9558639526367188, 0.9562341570854187, 0.9562647938728333, 0.9565657377243042, 0.9568090438842773, 0.9570671319961548, 0.9573025703430176, 0.9574947953224182, 0.9578829407691956, 0.9580761790275574, 0.9582546353340149, 0.9585784077644348, 0.9587968587875366, 0.9589232206344604, 0.959351122379303, 0.9595233798027039, 0.9597131609916687, 0.9599843621253967, 0.9602870941162109, 0.9605609774589539, 0.9609159231185913, 0.9609969258308411, 0.9612512588500977], "loss": [0.2064111977815628, 0.14957782626152039, 0.12789350748062134, 0.12068470567464828, 0.11675284057855606, 0.11390075087547302, 0.11200869083404541, 0.11020829528570175, 0.10919294506311417, 0.10813910514116287, 0.10737591981887817, 0.10629218816757202, 0.10550731420516968, 0.10597195476293564, 0.10450287908315659, 0.10365666449069977, 0.10360797494649887, 0.10279624909162521, 0.10221978276968002, 0.10170324891805649, 0.10113433748483658, 0.10065922886133194, 0.09989874809980392, 0.09953591227531433, 0.09912966936826706, 0.09838733822107315, 0.0979151725769043, 0.09760422259569168, 0.09668790549039841, 0.09630167484283447, 0.09575613588094711, 0.095132015645504, 0.09441427141427994, 0.0937957838177681, 0.09298568964004517, 0.09283161163330078, 0.09219049662351608], "precision": [0.9862461090087891, 0.9765875935554504, 0.964301586151123, 0.9642783403396606, 0.9646244049072266, 0.965099036693573, 0.9654364585876465, 0.9654603004455566, 0.9657349586486816, 0.9657739996910095, 0.9659357070922852, 0.9660087823867798, 0.9662326574325562, 0.9662766456604004, 0.9664182066917419, 0.9665038585662842, 0.9665504693984985, 0.9667562246322632, 0.966801643371582, 0.9668505191802979, 0.9668925404548645, 0.9669325351715088, 0.9670398235321045, 0.9672300815582275, 0.9672626852989197, 0.9674187302589417, 0.9675513505935669, 0.9676435589790344, 0.9677597284317017, 0.967827320098877, 0.9679673314094543, 0.9681282043457031, 0.9682865142822266, 0.968440592288971, 0.9685103893280029, 0.9686446189880371, 0.968734622001648], "recall": [0.8420184254646301, 0.888572096824646, 0.9252512454986572, 0.9327545762062073, 0.9362703561782837, 0.9386098384857178, 0.9399793148040771, 0.941638171672821, 0.9422779083251953, 0.9432642459869385, 0.9437964558601379, 0.9446675181388855, 0.9451318979263306, 0.9448633790016174, 0.9459356665611267, 0.9466773271560669, 0.9466733336448669, 0.9470354318618774, 0.9475453495979309, 0.9479542970657349, 0.9484042525291443, 0.9487274885177612, 0.9493484497070312, 0.9495631456375122, 0.9499420523643494, 0.9503634572029114, 0.9506914615631104, 0.9508131146430969, 0.9515778422355652, 0.9517924189567566, 0.9520782232284546, 0.9524444937705994, 0.9528601765632629, 0.9532868266105652, 0.9538782835006714, 0.9538942575454712, 0.9543430209159851], "val_accuracy": [0.9101331233978271, 0.9436737895011902, 0.9492450952529907, 0.9511282444000244, 0.9527413845062256, 0.9530457258224487, 0.9539695978164673, 0.9546546339988708, 0.9549172520637512, 0.9549089074134827, 0.9549196362495422, 0.9557740092277527, 0.9553003311157227, 0.9555496573448181, 0.9560672640800476, 0.956309974193573, 0.9561355113983154, 0.956512987613678, 0.9568149447441101, 0.956498920917511, 0.9567540287971497, 0.957046389579773, 0.9566736221313477, 0.9565134048461914, 0.956998884677887, 0.9565743207931519, 0.9572644233703613, 0.9572495818138123, 0.9572993516921997, 0.9571740627288818, 0.9568193554878235, 0.9571489095687866, 0.957125186920166, 0.9568568468093872, 0.9567993879318237, 0.9569564461708069, 0.956920325756073], "val_loss": [0.16399085521697998, 0.1269358992576599, 0.11638882011175156, 0.11242228746414185, 0.1090010553598404, 0.10830706357955933, 0.10645215213298798, 0.10487771779298782, 0.10438738018274307, 0.10423140227794647, 0.10430392622947693, 0.10268343985080719, 0.10326966643333435, 0.10295233130455017, 0.10194812715053558, 0.1014762818813324, 0.10208775848150253, 0.1012810617685318, 0.10042326152324677, 0.10085351020097733, 0.10038956999778748, 0.1001017764210701, 0.1007605642080307, 0.10168106853961945, 0.1008131355047226, 0.10079658031463623, 0.09941455721855164, 0.09982933104038239, 0.09974351525306702, 0.1000409796833992, 0.10088058561086655, 0.10058831423521042, 0.10025894641876221, 0.10135199129581451, 0.10188137739896774, 0.10139720886945724, 0.10156463831663132], "val_precision": [0.9988865256309509, 0.959806501865387, 0.9615182876586914, 0.9651728272438049, 0.963966429233551, 0.9650183320045471, 0.9648849964141846, 0.965193510055542, 0.9657991528511047, 0.9655886292457581, 0.9650434255599976, 0.9664042592048645, 0.9657154679298401, 0.9643895626068115, 0.9659011960029602, 0.9653339385986328, 0.9665173292160034, 0.9660961627960205, 0.966188371181488, 0.9651450514793396, 0.9651098847389221, 0.9648973941802979, 0.964921236038208, 0.9638537764549255, 0.9651747941970825, 0.9656603932380676, 0.9664821028709412, 0.9645006656646729, 0.9650833010673523, 0.9654527306556702, 0.9638704657554626, 0.9645919799804688, 0.9659731388092041, 0.9642552137374878, 0.9638055562973022, 0.9638775587081909, 0.9646854400634766], "val_recall": [0.8472549319267273, 0.9299647212028503, 0.9385232329368591, 0.9384018778800964, 0.9427768588066101, 0.9422628283500671, 0.944186806678772, 0.945246160030365, 0.945164144039154, 0.9455028772354126, 0.9461345076560974, 0.9461420774459839, 0.9461480379104614, 0.9479706287384033, 0.9473443627357483, 0.9483428001403809, 0.9468017220497131, 0.9480358958244324, 0.948492169380188, 0.9489328861236572, 0.9495833516120911, 0.9503746628761292, 0.9495456218719482, 0.9502285122871399, 0.9498040080070496, 0.948672890663147, 0.9490698575973511, 0.9511643052101135, 0.9505499601364136, 0.9500019550323486, 0.9509852528572083, 0.9509447813034058, 0.9492343664169312, 0.9506200551986694, 0.9508967995643616, 0.9511216878890991, 0.9502533078193665]}